Country,Day,NeffBefore,NeffAfter,Mu,Lambda,Kappa,Iota,Gamma,Eta,Epsilon,Delta,Beta,Alpha,Other
Angola,2020-11-01,34.88929361852026,393.8651011913548,0.0,0.0,0.0006920581963809554,0.0,0.00022258584949050582,0.003321651275675149,0.0,9.540739249581177e-7,0.5042370885617248,0.004489832921386434,0.4870358291214172
Angola,2021-03-15,323.9286850905522,343.79019285892997,0.0,0.0,0.010475305642480903,0.0,0.001806230708834548,0.019152495393997042,0.0,0.002783132482318559,0.4128712663962731,0.16533064149151863,0.38758092788457754
Angola,2021-08-01,418.76265342342265,1.9961489477549197,0.0,0.0,0.000911541469496755,0.0,0.00010938395365449846,0.0015396726493218573,0.0,0.7220999543638402,0.058035358653350674,0.2084936748383391,0.008810414071996786
Argentina,2020-11-01,899.7201528496655,1228.5800408687337,6.329695100007228e-8,0.00016863507065671752,0.0,0.00011221770096928694,0.00023664860345469664,7.46687470158181e-6,0.0019506381582536677,1.4573762538439352e-12,8.3392659507524e-6,0.0016792323011174525,0.9958367587264872
Argentina,2021-03-15,762.1294092163868,2139.9957829308046,3.8583564152517467e-5,0.06315053439553428,0.0,0.007042516329583922,0.15045099759016037,0.0004324575168511789,0.02910952226440404,9.99598225192669e-6,0.000444637867021398,0.11214848011945619,0.6371722743705841
Argentina,2021-08-01,2251.7952861502636,76.08686481403426,0.008637485595053382,0.16206556498649655,0.0,0.0008934555217993393,0.500034169607555,6.420817530395009e-5,0.0004957766483035408,0.3042216933973677,4.173064977079739e-5,0.02073867752050535,0.0028072378978443646
Aruba,2020-11-01,5.237448065436378,749.112442826795,7.826858646886368e-7,1.002679083523614e-7,0.0,1.9225933642371036e-5,2.2844344187389475e-6,0.0,0.002348434336308623,4.812022184037405e-7,3.177624053101193e-5,0.0006814355549126513,0.9969154793441952
Aruba,2021-03-15,503.33706270159394,1306.3152793265383,0.01602209338514569,0.00100654997262417,0.0,0.07196727404330525,0.03952003430367738,0.0,0.07083909919436873,0.010110999397116382,0.005262458003244146,0.5937688201482709,0.19150267155224712
Aruba,2021-08-01,960.7562422271892,1072.9837482324688,0.039639654123876746,0.00018131750137646336,0.0,0.0038729580678946484,0.02616140514690715,0.0,6.410039090486052e-6,0.9250493274042969,5.615707152625197e-6,0.00508219454865034,1.1174607545894088e-6
Australia,2020-11-01,11180.342065151604,2225.544917211854,0.0,6.945015386025511e-5,7.724632148137024e-5,0.00018859610414574768,0.00015560545673259625,0.0004831045473788987,0.003030742476791126,3.2990598527142484e-7,0.0032845788011097287,0.015275291613390298,0.9774350546191247
Australia,2021-03-15,3686.84726181592,7701.536002115661,0.0,0.0007712660934609636,0.057167563600268735,0.004688615207702853,0.007661236601137965,0.014497128586450282,0.014807942055312736,0.018462881334904844,0.08088245728306848,0.4715039480552813,0.32955696118241196
Australia,2021-08-01,4872.120308654056,10438.382584022052,0.0,2.8820720860638846e-6,0.0028231034026600476,1.3621399521499062e-5,2.2723316207968175e-5,6.637072485972735e-5,6.975006705744325e-6,0.9930997170427022,0.0005124831624747027,0.003135238670592069,0.0003168852021898744
Austria,2020-11-01,489.63474322177126,3487.151855874508,8.67444762013776e-7,0.0,1.5145757983971504e-8,2.127396436396349e-6,7.850111431378718e-8,0.0004434188026142968,0.0,9.903125502906402e-14,0.027049026899927078,0.012723268664273856,0.9597811971450154
Austria,2021-03-15,2557.634654221518,4563.092214700326,0.0040566921895925055,0.0,9.418665178054657e-7,0.000455794588513366,0.0010133663663698198,0.003868791801105774,0.0,2.376639033506183e-5,0.0552652799334437,0.7306080318021972,0.20470733506192482
Austria,2021-08-01,5125.617113383463,1572.4312772055994,0.00022634234461578096,0.0,0.00020928531444633564,1.0570905676674956e-6,0.00047919261414934296,2.9187191239205615e-6,0.0,0.9947754767523778,6.505861231516472e-6,0.004243206192125868,5.601511136184761e-5
Bahrain,2020-11-01,83.40710948134776,165.6965385962053,0.0,0.0,0.0030216935292036277,0.0,4.1008111193609923e-10,0.0,0.0,1.3178618582986274e-6,0.0021823077789828813,0.003088271747657707,0.9917064086722163
Bahrain,2021-03-15,61.50063520868464,465.2044065974608,0.0,0.0,0.08258003941246658,0.0,3.551891936183494e-5,0.0,0.0,0.05034983927786201,0.10353858897589915,0.3329073958097113,0.43058861760469913
Bahrain,2021-08-01,455.8296140806375,222.34416958355644,0.0,0.0,0.00023597095261026455,0.0,0.0016888352501453162,0.0,0.0,0.9882745442574806,0.000666673288288201,0.008726566464796335,0.00040740978667933394
Bangladesh,2020-11-01,497.7998709759825,681.9063866830579,0.0,0.0,0.0,0.0,0.00026976074327422734,6.59996387078329e-5,0.0,4.696351008371797e-11,0.0014536029648090864,0.013897688479039567,0.9843129481272058
Bangladesh,2021-03-15,472.9320607973981,1089.116013020345,0.0,0.0,0.0,0.0,0.0016393218380662822,0.02499001321578286,0.0,0.0016116290978823555,0.5419379588071898,0.15704034847782952,0.2727807285632492
Bangladesh,2021-08-01,1135.7871049936878,323.6765285770033,0.0,0.0,0.0,0.0,1.875676098907232e-7,8.839096149090671e-5,0.0,0.9979991051101852,0.0018440153243098835,5.528306447877934e-5,1.301797192541792e-5
Belgium,2020-11-01,1627.278926791895,16413.518201394723,1.397643844420983e-10,1.555260379577853e-10,3.501519023087194e-6,2.1181360596074405e-6,0.000216834866407206,0.00019330653032933865,1.784359883794561e-5,5.948796398360906e-11,0.009337151182463744,0.01666242515253164,0.9735668186595692
Belgium,2021-03-15,10125.785884259374,26693.194893480737,2.008018071323163e-5,5.974724141505496e-6,0.0005909532973866425,3.122081817167386e-5,0.04879987007055229,0.0037059414499985583,8.784282874125585e-5,0.00014242860013890756,0.051164312900626216,0.725747150892031,0.1697042242374985
Belgium,2021-08-01,24488.05503387621,10304.153922747299,0.0021232912566128146,0.00036073108412401926,8.021481875072873e-6,4.912750979389467e-7,0.004747913091765939,2.2069770081790197e-5,5.127980615354333e-7,0.9710719607829065,0.00010813424725899208,0.02148108557510082,7.578863711458467e-5
Botswana,2020-11-01,27.917369644722854,302.8516302151869,0.0,0.0,0.0,0.0,0.0,0.0,0.0,3.8639178125292635e-9,0.26117518676468343,0.0,0.7388248093713988
Botswana,2021-03-15,203.1213191209221,541.4637751832864,0.0,0.0,0.0,0.0,0.0,0.0,0.0,0.0005291064835604651,0.8428583840684781,0.0,0.1566125094479613
Botswana,2021-08-01,567.1552561746591,271.1688262949863,0.0,0.0,0.0,0.0,0.0,0.0,0.0,0.9643042053414592,0.014529165559891715,0.0,0.02116662909864893
Brazil,2020-11-01,2269.095231418961,13828.332590773009,2.759537731229287e-8,9.912729253139262e-6,0.0,0.0,0.010768121368077258,2.989610342290324e-5,0.0,5.6869578038157835e-12,5.545526652228874e-5,0.002178946794748504,0.9869576401369113
Brazil,2021-03-15,7635.61596134196,24742.54448580768,1.3735239012549849e-5,0.00025413344052384817,0.0,0.0,0.8216703837965208,5.721615523291938e-5,0.0,1.4488830656134536e-5,0.00032054753568911624,0.03504672893219396,0.1426227660701707
Brazil,2021-08-01,23604.079480856504,8740.426338346055,0.0009908055043803044,0.00017348778930415107,0.0,0.0,0.5393707695140477,5.642734725141166e-6,0.0,0.45554565427464255,5.152214774510221e-5,0.0031750471608837883,0.0006870708742713635
Bulgaria,2020-11-01,28.700235441242135,2039.8650346620773,0.0,0.0,0.0,0.0,0.0,0.0,0.0,4.7159930915578256e-14,3.8225477302224954e-10,0.005396091745017936,0.99460390787268
Bulgaria,2021-03-15,1483.1158078658584,2905.092325115008,0.0,0.0,0.0,0.0,0.0,0.0,0.0,1.399576405560398e-5,0.00010280774108953824,0.9703380438935013,0.02954515260135347
Bulgaria,2021-08-01,2531.9981368515964,1429.2853051823108,0.0,0.0,0.0,0.0,0.0,0.0,0.0,0.9779663564565525,0.0005447968691004853,0.019148008351944235,0.0023408383224027955
Cambodia,2020-11-01,4.886563037929293,217.28382938881415,0.0,0.0,0.0,0.0,0.0,0.0,0.0327682585466454,4.810394635951093e-6,0.0,0.0230477739631924,0.944179157095526
Cambodia,2021-03-15,59.28555690625258,635.0640334474102,0.0,0.0,0.0,0.0,0.0,0.0,0.007017470593590756,0.019378107345245744,0.0,0.8419647477004315,0.13163967436073204
Cambodia,2021-08-01,606.0024063594155,335.484523840245,0.0,0.0,0.0,0.0,0.0,0.0,5.0024037131805256e-6,0.3650241356241621,0.0,0.632396826505122,0.002574035467002732
Canada,2020-11-01,7314.830226338187,43488.50736803186,1.0033887564572366e-9,1.1182764895620953e-5,7.715435548037775e-5,4.7633784366830195e-8,5.732309462855695e-5,0.00033346029160883224,0.00035443098906579403,1.3492910206376203e-10,0.000580391698099008,0.0007859525927051901,0.9978000554414141
Canada,2021-03-15,26830.075363702264,60657.16621136105,5.733371414982728e-5,0.00044457858254069455,0.00844896713503275,0.0008016804231968203,0.11379477802350042,0.030089738509225118,0.013392154535203066,0.00044995156336474486,0.012058580662931244,0.3554707541911929,0.46499148265966217
Canada,2021-08-01,50526.52707760153,27373.601123772154,0.0006640975772514249,7.415778390282059e-6,5.850282425134575e-5,0.0013391797956383514,0.029044390506716842,0.000527616733225244,0.00018708781474286124,0.9205561792274304,0.0002496870783860216,0.045451342510662095,0.0019145001533051004
Chile,2020-11-01,573.7701357992398,2030.9551509855698,6.663113207899844e-11,0.006115902908968054,0.0,0.0006084348700755243,0.0013816549475178406,0.0,0.004566768744853671,2.4878464485189907e-13,8.194092007521624e-5,0.012709383710981084,0.9745359138306484
Chile,2021-03-15,684.408829863596,5699.116183192726,1.5517886795817514e-5,0.26196916243813284,0.0,0.002527580073570497,0.25317030636897075,0.0,0.01393124523708115,6.761173375738155e-7,0.0012149483837558986,0.06065461476247572,0.4065159487318794
Chile,2021-08-01,4865.63490283232,3204.7833964249285,0.09164738314064273,0.16669104197160015,0.0,0.00010698586812347607,0.6139361701320074,0.0,0.0010628543387180677,0.09182018034537841,0.00018729051530985385,0.008322619493968135,0.02622547419425166
China,2020-11-01,149.10015583059365,52.38248263839361,0.0,0.0,0.0,0.0,0.0017575179905270626,0.0,0.0,8.015538635742944e-5,0.011235233828502465,0.00944841566190432,0.9774786771327088
China,2021-03-15,41.060074495822505,94.69303977626193,0.0,0.0,0.0,0.0,0.038509790973866136,0.0,0.0,0.055080055129337585,0.055978124738513095,0.20545559731873492,0.6449764318395483
China,2021-08-01,118.03741600572674,0.0,0.0,0.0,0.0,0.0,0.0003573574324347678,0.0,0.0,0.9815525952181129,0.0008561649273569815,0.01598694162437277,0.0012469407977225625
Colombia,2020-11-01,181.2050706810996,1267.2458277668009,0.0009236857307732078,0.00013228913451586745,0.0,0.0003190720280995832,0.011651232083464132,0.0,0.0011141174761240536,3.3238841708980684e-12,0.0,0.004714973266616948,0.9811446302770821
Colombia,2021-03-15,425.7701791883227,2623.4642065844128,0.2081647957473449,0.01463821567133944,0.0,0.004220471655293208,0.2527527200552609,0.0,0.0067869324536267315,3.6372039472211837e-6,0.0,0.06724513743381438,0.44618808977937324
Colombia,2021-08-01,2401.708757372723,518.2367356263361,0.7828533470394284,0.017108230601137517,0.0,0.00029717947325972515,0.058619502042208796,0.0,0.003931680372555315,0.11693934331053221,0.0,0.0038326662792184667,0.016418050881659728
Costa Rica,2020-11-01,103.54742018717225,359.99304305239326,5.8171212847107475e-9,1.3803978994400226e-11,0.0,4.679278969741698e-5,5.804891851369153e-6,0.00028640026785427833,0.0023896336779293723,1.988774194973506e-12,0.0015969990733033393,0.0001978966909751812,0.995476466775475
Costa Rica,2021-03-15,255.63211778109994,558.9569032052182,0.002592219955565799,3.4735029125601906e-5,0.0,0.006998562029603937,0.042539129841969,0.008343658119314864,0.030628501885112354,7.604156092591357e-5,0.03473735390582452,0.19344522001920922,0.6806045776533488
Costa Rica,2021-08-01,534.679859291981,282.0828529778911,0.1089518792225024,0.029431266961061305,0.0,0.0022814834147605275,0.1974051929135739,6.114937120231188e-5,0.0007775595949048545,0.5953771597721257,0.0005244431523430817,0.04785026073509593,0.017339604862429983
Croatia,2020-11-01,36.839231580330434,2692.753449795408,0.0,0.0,0.0,0.004262251432628168,1.2272160620033573e-9,0.0,0.0,1.5991841198884603e-15,0.00015063870174001641,0.0009362941265290362,0.9946508145118851
Croatia,2021-03-15,1617.8666969113544,4417.30156994227,0.0,0.0,0.0,0.0007314152001084996,0.00015311759100027333,0.0,0.0,1.3663623907358173e-5,0.006833590463921041,0.7936645078087564,0.19860370531230648
Croatia,2021-08-01,4389.607878954625,801.2764217577746,0.0,0.0,0.0,8.002096204083386e-10,0.0002642726039558347,0.0,0.0,0.9926815123757499,2.317853964340539e-6,0.007047208271511585,4.688094608911051e-6
Curacao,2020-11-01,13.467129143863374,260.96977262467493,1.3102159231561731e-12,2.44059068211022e-5,1.1616448034775123e-11,0.0,1.2540930234478374e-13,0.0,1.7260822891309686e-8,1.8953027509780865e-29,0.0,1.2270612596192036e-6,0.9999743497580441
Curacao,2021-03-15,179.46893390756742,396.0941065529533,0.004819201665363257,0.0020246768402391153,0.0015203159414569403,0.0,0.002078583969697242,0.0,0.0035371588470234647,5.196151924397943e-10,0.0,0.9379331310861974,0.04808693113040738
Curacao,2021-08-01,371.41449100855976,172.624195700505,0.0028791074523820746,1.32824806234752e-10,6.770516284459805e-6,0.0,0.002310065896490525,0.0,3.485392629931337e-8,0.9944547315493757,0.0,0.0003492850162319151,4.582484366280124e-9
Czech Republic,2020-11-01,312.2838419641644,3117.945600674932,2.812782442806968e-8,0.0,4.079234026239203e-6,0.0,5.612506043254024e-7,2.9544140799184465e-9,0.0,2.7750663005290553e-10,0.0004601925320099909,0.059297019994002886,0.9402381156296115
Czech Republic,2021-03-15,2259.1805344920645,4686.102065225088,5.3479757262162076e-5,0.0,0.000652625235756523,0.0,0.0010669571545764945,1.3481450168948515e-5,0.0,0.0001494267228602849,0.014133500136462892,0.8621122991095451,0.12181823043336754
Czech Republic,2021-08-01,4552.572964448372,1977.9866249593863,2.398096553051377e-5,0.0,1.4156912990099124e-5,0.0,0.00054502380656541,9.986850956774111e-5,0.0,0.9863333236507023,0.00026949468773392266,0.011788542813080834,0.0009256086538292213
Democratic Republic of the Congo,2020-11-01,189.7162167962781,39.8267199166827,0.0,0.0,0.0,0.0,0.0,1.756931648054966e-9,0.0,1.0066660062532107e-6,0.0038225314251372853,0.014961229879847873,0.9812152302720767
Democratic Republic of the Congo,2021-03-15,48.8164271826327,69.583600355296,0.0,0.0,0.0,0.0,0.0,0.001001721538223267,0.0,0.040072610957834126,0.20261629419890057,0.15915825531021377,0.5971511179948283
Democratic Republic of the Congo,2021-08-01,82.60826555613235,0.0,0.0,0.0,0.0,0.0,0.0,0.1925562670807412,0.0,0.7964283966622708,0.008331563354915493,0.002066864470038325,0.0006169084320343197
Denmark,2020-11-01,7885.541333003315,72714.31208526054,1.3454664071232106e-6,4.5940416272168997e-7,5.053040987224802e-7,1.068031944353409e-6,3.592453467510134e-8,4.692832545856325e-5,1.9872601417258973e-5,8.318093731857044e-18,2.791438986095068e-6,0.00028530999155694503,0.9996416835114337
Denmark,2021-03-15,54141.84043918658,73894.26110142072,0.00012028090487060601,4.941454346801576e-5,0.0005485906693609313,0.00015866782645157276,0.00043408044513179583,0.012420701835123336,0.0005902120212038214,4.1880062745029485e-7,0.0023744827997678394,0.895518269739214,0.08778488041478066
Denmark,2021-08-01,76044.39050249306,28405.881989471676,1.3960516276874094e-7,1.1431630628468651e-5,2.088736420479355e-7,6.226025467386515e-8,3.2869810814390245e-5,1.8574036560773647e-6,4.8446147088983e-8,0.994198869063209,3.906598300877507e-6,0.0057503383494591056,2.67958725120023e-7
Ecuador,2020-11-01,113.4583147493511,415.32980677522204,9.494425448626024e-7,0.0012407092565157177,0.0,0.018978347879288468,0.0006074160380360646,0.0,8.163502568086527e-5,6.295080926366241e-11,0.0,0.030328757542651616,0.9487621847523315
Ecuador,2021-03-15,102.96810925665632,1310.88853249783,0.0027340454798160793,0.0523447160696942,0.0,0.23337589124396851,0.032391929364507265,0.0,0.000618282200837947,2.2380848014677396e-5,0.0,0.1704600891500061,0.5080526656431552
Ecuador,2021-08-01,1631.8487523447882,135.9171956583518,0.21096155435878752,0.11303032980754073,0.0,0.09977331054556966,0.1403689646469743,0.0,0.00031557852171434296,0.28014528946762857,0.0,0.04375335728970472,0.11165161536208022
Egypt,2020-11-01,300.2899283132409,297.9069456292469,0.0,0.0,0.0,0.0,0.0,0.0,0.0,1.0184890317750712e-11,0.0,0.0005138411127789543,0.9994861588770363
Egypt,2021-03-15,309.01769340332,204.0922183431884,0.0,0.0,0.0,0.0,0.0,0.0,0.0,5.935203996107297e-6,0.0,0.014830571864672229,0.9851634929313318
Egypt,2021-08-01,235.32234617142115,27.331827721751473,0.0,0.0,0.0,0.0,0.0,0.0,0.0,0.7576567729271613,0.0,0.011526221366221329,0.23081700570661728
Estonia,2020-11-01,231.54514227228879,2384.2922967108316,0.0,0.0,0.0,0.0,0.0,3.5386002157208816e-7,0.0,4.924152203675037e-25,3.5961330214609625e-6,0.00011809417485942311,0.9998779558320976
Estonia,2021-03-15,1526.8956497140819,3601.5398894352925,0.0,0.0,0.0,0.0,0.0,0.0003363193313315558,0.0,1.3195853289471615e-9,0.01077313795005625,0.7570065512454731,0.2318839901535538
Estonia,2021-08-01,3118.976800563987,1143.0028421697812,0.0,0.0,0.0,0.0,0.0,6.292386335256665e-10,0.0,0.9986918056473342,1.598257533174212e-6,0.0013065807662871922,1.4699606802396215e-8
Fiji,2020-11-01,2.9066847654772534,112.0818458127917,0.0,0.0,0.0,0.0,0.0,0.0,0.0,0.0367343978441494,0.0,0.15876357340896669,0.804502028746884
Fiji,2021-03-15,6.211815877242881,386.62657118924227,0.0,0.0,0.0,0.0,0.0,0.0,0.0,0.4405962931067793,0.0,0.33995049958494417,0.2194532073082765
Fiji,2021-08-01,474.81764889009094,0.0,0.0,0.0,0.0,0.0,0.0,0.0,0.0,0.9999999979222203,0.0,2.0263379617625956e-9,5.144178812986658e-11
Finland,2020-11-01,778.2671320587257,7103.99607259974,3.050445464050119e-9,0.0,4.801475266191116e-7,0.0,2.806431248317966e-8,0.0019258580219050896,0.00014507836654546055,2.116456089897517e-11,0.0011258271482549509,0.01670525174992017,0.9800974734299253
Finland,2021-03-15,6559.790273833329,7165.196009935429,6.583812936287606e-5,0.0,0.0008472298348890939,0.0,0.00013325976711794723,0.0018304087171503085,0.0001593484797401702,0.00034888837914938636,0.1294863835385434,0.6802947148177554,0.18683392833629156
Finland,2021-08-01,9145.146641872698,1910.1864542823275,6.190789900496875e-5,0.0,3.0308784964150268e-5,0.0,0.0016438342847424699,1.272479736439436e-7,2.412024998367586e-7,0.9946279408554851,0.0003811762128382896,0.003225027647955082,2.943586453662923e-5
France,2020-11-01,4203.212474420076,27636.399043212787,4.420586576302062e-9,6.2964254989827736e-9,2.0587448887770588e-6,5.484507836068755e-6,1.3703982893434924e-5,8.740189821741997e-5,8.339109876132568e-5,1.9309020801655965e-12,0.0012676163612685113,0.025256159668268295,0.9732841730189231
France,2021-03-15,17324.553416714385,48018.83659332638,1.644108762253161e-5,8.21428021920921e-5,0.0003300229630621865,0.00017404887179371434,0.005948978534433662,0.014096017479099667,0.0002178901809594947,3.238140650495081e-5,0.06602158482913698,0.7561083520514679,0.1569721397937267
France,2021-08-01,47717.07331915813,18428.52396753059,0.0003022466973486749,0.0005856668362935268,8.707177574456693e-6,3.3451560015055314e-6,0.002264444953083331,0.0003883869510413016,1.1006762556724214e-6,0.9831068583633894,0.001669119483414504,0.011517595371579537,0.00015252833401822904
French Guiana,2020-11-01,0.0,282.36964187816375,0.0,0.0,0.0,0.0,1.4387033146936735e-9,0.0,0.0,8.522133868101203e-22,1.9122597741849563e-11,8.700279857761268e-9,0.999999989841894
French Guiana,2021-03-15,168.18370341201432,458.7260806994697,0.0,0.0,0.0,0.0,0.5398479589159083,0.0,0.0,6.542359665311102e-8,0.0046820838001356835,0.23001939185270745,0.22545050000765193
French Guiana,2021-08-01,413.94143255139824,215.67898093884526,0.0,0.0,0.0,0.0,0.5318626026137335,0.0,0.0,0.4499749924208415,0.00114148908189589,0.017017035198266015,3.880685263034584e-6
Gambia,2020-11-01,282.95107051287783,77.38806016159687,0.0,0.0,0.0,0.0,0.0,8.824088236006999e-6,0.0,5.220321168621435e-12,0.0,0.028177053628351555,0.971814122278192
Gambia,2021-03-15,146.9405018460445,92.07135606794819,0.0,0.0,0.0,0.0,0.0,0.021665008266667306,0.0,0.0006588889348623681,0.0,0.5815534917588563,0.3961226110396141
Gambia,2021-08-01,139.0676157893261,0.0,0.0,0.0,0.0,0.0,0.0,0.00035832408236926357,0.0,0.9990252977214686,0.0,0.00045787897062232356,0.0001584992255397337
Germany,2020-11-01,3349.6401831637563,70814.05857027389,2.7622583487096754e-9,3.360538225220436e-7,5.101681858252435e-8,6.517867980551191e-8,8.046557613943942e-8,1.068786157406158e-5,8.410227366512397e-7,3.0403970326106744e-13,0.00019237462362730562,0.0011765084206506401,0.998619052593952
Germany,2021-03-15,39906.56703670982,116893.553234091,5.4714623357202944e-5,0.0004937108458586469,0.00050039980398347,0.0002295946738177934,0.0013729646373234748,0.005879861630714994,8.424845072697661e-5,5.242826673044584e-5,0.022090469127229367,0.7675723198355003,0.20166928810475726
Germany,2021-08-01,95925.49789277939,48117.989086588546,2.8958884928410066e-6,5.7086909789910064e-5,2.5103385946749752e-5,4.424359430530473e-6,0.0031041394761377157,8.654112260972368e-5,5.678131017624688e-7,0.9815766190581372,9.764418831959908e-5,0.015031609466458542,1.3368331575263097e-5
Ghana,2020-11-01,110.52950509704038,585.4816869566816,0.0,0.0,0.00045296082788444673,0.0005304065685632932,5.704205255469069e-5,0.02008448957601754,0.0,0.00027722749802342405,0.008564192318748614,0.27189538436979055,0.6981382967884174
Ghana,2021-03-15,492.75092769478135,531.275984153473,0.0,0.0,0.007098528914986602,0.0039260512345192415,0.001060542191270895,0.08695892507939472,0.0,0.01762714578633096,0.023708708777882406,0.40223282527377535,0.45738727274184
Ghana,2021-08-01,675.4722630738806,105.0990929347867,0.0,0.0,0.0006799335529128559,0.00014422089378993627,0.000197534171643421,0.004349827464134932,0.0,0.9239308438034389,0.0007413544655755415,0.003754725148681617,0.06620156049982315
Gibraltar,2020-11-01,194.11905351001516,469.5360980752927,1.2100905239528333e-7,0.0,0.0,0.0,0.0,0.0,0.0,5.41733370142939e-9,0.0,0.03753343124824403,0.9624664423253698
Gibraltar,2021-03-15,553.8881057057317,487.3203095304327,0.00047059303641795275,0.0,0.0,0.0,0.0,0.0,0.0,0.0031904354052012395,0.0,0.6289761365445191,0.36736283501386147
Gibraltar,2021-08-01,714.3234419724969,363.9667928651964,0.0009019124089564803,0.0,0.0,0.0,0.0,0.0,0.0,0.9804698417307921,0.0,0.01597942505400303,0.0026488208062483234
Greece,2020-11-01,329.75922150021177,4119.699903298299,0.0,0.0,2.3997557458877285e-5,0.0,1.1595896921395957e-6,7.637732868645267e-5,0.0,7.877903501685524e-13,0.0015523392778012603,0.06537122758355535,0.9329748986620182
Greece,2021-03-15,2865.2234431575434,5116.581938574819,0.0,0.0,0.0001536099168704606,0.0,7.53854641020817e-5,0.0003133242191625987,0.0,3.838660640212699e-6,0.007113298997496572,0.7357613139558918,0.25657922878583606
Greece,2021-08-01,5658.679239755722,258.25250712880484,0.0,0.0,5.462199799897594e-6,0.0,6.8738760185017954e-6,9.896800288443067e-6,0.0,0.9558967308953336,0.0010011464056100129,0.031342431432148384,0.011737458390801231
Guatemala,2020-11-01,109.0915707394219,198.58014226813273,6.979835173042748e-8,1.43334822357782e-7,0.0,0.0031763246313953265,0.00022220047908192355,0.0,0.01819908852015954,2.883913820664926e-13,0.0002735439835915312,0.0055777986171230325,0.9725508306351861
Guatemala,2021-03-15,163.46822076429956,264.25780761396686,0.00014072987562118575,0.00015950934213846744,0.0,0.013532255082179949,0.015073971666638576,0.0,0.03231811073355938,1.824973497105794e-6,0.0031090786993109043,0.05396936965476712,0.8816951499722873
Guatemala,2021-08-01,342.4796738837791,61.860607913648515,0.009935173134846362,0.010336326699938427,0.0,0.0008163495889775042,0.04779530531349754,0.0,0.0021331087887079547,0.6362937845771868,0.00042314063301388016,0.007963490337036196,0.2843033209267952
Hong Kong,2020-11-01,714.0816222464416,975.5467264249792,1.8093839312503033e-8,0.0,1.028113924164222e-5,0.0,0.0,0.0,0.0,1.4192760862138295e-7,0.0004902545783493078,0.0015928151705168307,0.9979064890904441
Hong Kong,2021-03-15,975.7442705538643,350.5359436190006,0.0007276042279307564,0.0,0.019631546578346912,0.0,0.0,0.0,0.0,0.021950460164582894,0.16137152014660522,0.07457489794642212,0.721743970936112
Hong Kong,2021-08-01,530.5756925223553,111.47629448816868,0.0033337226194233385,0.0,0.0014989461654156446,0.0,0.0,0.0,0.0,0.9708276032860907,0.0068112280069097565,0.017325979351363537,0.0002025205707970249
Iceland,2020-11-01,2960.133309142382,1546.3620178822266,0.0,0.0,0.0,0.0,2.2643308179202538e-5,1.543663084232309e-5,0.0,8.034570285553386e-16,1.3350003261971984e-5,0.0013786029428737882,0.998569967114842
Iceland,2021-03-15,2041.283364664997,2495.932998881668,0.0,0.0,0.0,0.0,0.021273946991668582,0.0016616800618624032,0.0,4.005271781509119e-6,0.002656898081483407,0.8520138539414366,0.12238961565176748
Iceland,2021-08-01,2099.827275861276,2438.7890348882556,0.0,0.0,0.0,0.0,0.0001356039269305349,2.1317034754522466e-7,0.0,0.9968704147153372,7.156034402434203e-5,0.0029203413006451454,1.8665427152540801e-6
India,2020-11-01,3986.818198183296,20274.053228311117,0.0,0.0,0.008972088669751691,1.0777456031146575e-5,2.9758916295278184e-5,0.0008083377723895115,1.2893403281615174e-5,1.3336542023360662e-5,0.00046431702412705653,0.013446594915891607,0.9762418953002083
India,2021-03-15,9950.455474921662,34957.792994204,0.0,0.0,0.21829712109233998,5.0625687895220065e-5,0.00017257690581374467,0.010302943845807164,5.048837271442356e-5,0.18635152557373388,0.00969449645631407,0.17476416475313497,0.40031605731224645
India,2021-08-01,33900.71299937011,3696.247606832976,0.0,0.0,0.0014193454552647432,2.509757451715717e-7,2.447555413950646e-5,4.4561032234689536e-5,2.0723945990382803e-7,0.9961905594163296,8.58191601978673e-5,0.0008235452224135639,0.0014112359442144944
Indonesia,2020-11-01,266.50614462167965,2478.2077761867686,0.0,0.0,0.00040576819075679234,0.0,0.0,0.0010261940012157493,0.0,1.6606335125729378e-6,0.0004323492792612837,0.0018380879083116771,0.996295939986942
Indonesia,2021-03-15,1694.1741789608704,3683.96964869232,0.0,0.0,0.0006092217717291354,0.0,0.0,0.0022171546636733925,0.0,0.004946797055388853,0.005233074239235363,0.016172206516928325,0.9708215457530448
Indonesia,2021-08-01,4435.603216081865,689.6358877627841,0.0,0.0,3.2932185885196964e-6,0.0,0.0,1.2090830379464814e-5,0.0,0.9908245696208381,0.0001641596168545719,0.0005735368644356799,0.008422349848903395
Ireland,2020-11-01,769.1415150885791,10219.6436216045,1.3838050155619716e-8,1.868562047303364e-9,5.4307764276652875e-6,0.00021740301477416818,0.0003599840272343051,0.00012914175703173907,1.0292647968692529e-5,1.1440275608144826e-11,0.002777241437229234,0.06756962190255213,0.9289308687187295
Ireland,2021-03-15,6258.234419348285,18343.961818975873,3.087217693862365e-5,7.521568988042981e-6,0.00425110126814736,0.0008237814923534528,0.0021102262080934936,0.003937496642025454,0.0004402517796145754,3.9232369836539336e-5,0.005357567157860517,0.9219891633912275,0.06101278594491427
Ireland,2021-08-01,18391.295336381212,7158.504028657459,3.558989096026082e-5,9.997076813532303e-5,0.0005851486569408178,1.9824014676183533e-6,7.216442521512584e-6,3.570822978839725e-5,2.8796763619940574e-6,0.9901756734506539,4.465451452580505e-6,0.008872086864974807,0.00017927816674276247
Israel,2020-11-01,168.087443433047,8330.730843099785,3.3973425752976694e-10,3.597078636981952e-8,4.0883309700458335e-10,1.513541161483794e-6,1.5965573862701682e-8,2.7770854593318147e-7,0.00031903710764907736,9.145989929417258e-11,0.0025391941757118407,0.012324450596804398,0.9848154740937396
Israel,2021-03-15,8061.421176366998,4750.97513652591,2.6710650730239946e-5,0.0016792245886975495,3.245217928055258e-5,0.0010408366275874588,0.0009137395885361634,0.0015968437186433687,0.0004469897589554647,0.0012774683373601456,0.017106091331666722,0.9338303636585874,0.04204927955995529
Israel,2021-08-01,7544.936421039427,613.1596307624159,5.845798181232872e-5,0.0003210708461086703,4.529878373096712e-5,1.0659465557201325e-5,0.0007281231937839877,0.00017331528173962182,3.027271431335913e-8,0.9946410458066891,4.0442324820027385e-6,0.0022808082004825594,0.0017371459348991909
Italy,2020-11-01,1521.699110537712,20073.77739056632,1.2072021263820572e-7,1.343675016192711e-8,2.739391298036802e-7,2.2136005805307963e-7,0.0004865117271348597,0.00015405902078510447,7.049647249314798e-5,3.097729371261281e-8,5.478687606071715e-5,0.01710257787283258,0.9821309075972492
Italy,2021-03-15,13512.604577973823,29926.751240433816,0.00043957675440355184,6.202461700422915e-5,0.0002957655463251308,0.00016079691284392504,0.04930279188769054,0.01172446883472886,7.031261078768337e-5,0.0011691842890194524,0.0028209688576305023,0.7560072014359086,0.1779469082536577
Italy,2021-08-01,30748.42417414449,8613.144013322082,0.0011735295552251137,0.00016838685235679915,8.609741022774558e-5,3.296319581746857e-5,0.010992511886739217,0.0007190908851252629,1.8626833503391638e-6,0.9532836786449954,0.00018428800851024278,0.03263621076039458,0.000721380117257683
Japan,2020-11-01,8941.716560194123,37705.069896008376,9.117256500284377e-6,7.415261372063986e-6,1.9526081523343715e-5,5.0240453890684525e-5,0.00019762387519330196,0.00019348466503316656,0.0003374469470762666,9.851612566707875e-13,0.0001586162293505873,0.00020654285540467766,0.9988199863736709
Japan,2021-03-15,20422.80834824842,66213.63862667684,6.854300679318704e-5,7.083409392452024e-5,0.0006576691451826717,0.00016363056755552016,0.003798211485706681,0.0005787578581867353,0.0005218215788340085,2.2795416670940004e-5,0.0030963429534062135,0.3157804208872086,0.675240973006531
Japan,2021-08-01,62011.84626340206,28200.584246334263,3.4103549728299277e-6,3.679499674281785e-5,3.5176990052168433e-6,8.307463112888724e-7,3.1220231334274825e-5,8.893547219365823e-7,1.3087592317942032e-7,0.8368776252863827,3.75047119488903e-5,0.1628640207244526,0.0001440550182042623
Jordan,2020-11-01,459.02429301150863,166.75830260200615,0.0,0.0,1.0920450244124776e-9,0.0,0.00012424152724645744,0.0018321985461932238,0.0,6.509522591843181e-17,2.7386146443756994e-5,0.03566998786401696,0.9623461848240548
Jordan,2021-03-15,343.17431104200426,68.67350314554189,0.0,0.0,0.007954991230993576,0.0,0.09171584079228148,0.0070141595015434655,0.0,6.361605651432203e-5,0.044454358344895924,0.721729746779054,0.12706728729471717
Jordan,2021-08-01,117.04177367250311,28.760311669930044,0.0,0.0,8.528964464743286e-5,0.0,3.2326270582144775e-7,2.1638987627157233e-10,0.0,0.9999137470471288,3.4104408657522377e-7,2.7845637443558224e-7,2.0328667198987613e-8
Kenya,2020-11-01,590.7601800379281,1092.8243078208086,0.0,0.0,3.577748037475364e-7,0.0,0.0,0.0005982130334745324,0.0,9.07000391581571e-10,0.000680555335433192,0.0008747527144261027,0.9978461202348617
Kenya,2021-03-15,806.5909895898891,1392.2448560808425,0.0,0.0,0.003085203361979748,0.0,0.0,0.033729956185223356,0.0,0.004640822635323281,0.19647881111650184,0.6532219796571053,0.10884322704386651
Kenya,2021-08-01,1483.688503089117,312.86008261984813,0.0,0.0,8.573798413811879e-5,0.0,0.0,1.911518183300392e-5,0.0,0.991322423611574,0.0008641779578683054,0.007704475612576055,4.069652010663214e-6
Latvia,2020-11-01,446.6156733404363,2572.275928521091,0.0,0.0,0.0,0.0,3.8667046054864143e-8,6.26021960721924e-8,0.0,6.743200896862712e-15,9.104277062439385e-6,0.0002431952519650109,0.9997475992017235
Latvia,2021-03-15,1929.1224904077162,3278.70463220091,0.0,0.0,0.0,0.0,0.00013390082393545933,0.00013360323948686888,0.0,1.5473330527981384e-5,0.0022845369324897115,0.5246229812064851,0.4728095044670748
Latvia,2021-08-01,3203.4598901462737,0.0,0.0,0.0,0.0,0.0,0.00039426269390872745,1.0036075737798328e-5,0.0,0.9776612999736219,2.965195943050295e-5,0.021895324175815214,9.42512148571793e-6
Lebanon,2020-11-01,22.792978783175926,564.7612752312695,0.0,0.0,0.0,0.0,0.0,0.0,0.0,5.872312090061417e-20,0.0,7.407790014841925e-5,0.9999259220998515
Lebanon,2021-03-15,526.5683792131828,393.4026639001293,0.0,0.0,0.0,0.0,0.0,0.0,0.0,2.31694681849525e-6,0.0,0.9986890934707499,0.001308589582431721
Lebanon,2021-08-01,527.5014429321237,0.0,0.0,0.0,0.0,0.0,0.0,0.0,0.0,0.9997269022842918,0.0,0.0002730977021415898,1.3566553619041614e-11
Lithuania,2020-11-01,97.3694574224478,6937.033776698309,0.0,0.0,0.0,4.761267525786367e-10,1.5545382182642912e-9,7.111225295482196e-15,0.0,2.8946605554266585e-24,0.00012946076357374023,0.00011656244347740539,0.9997539747622768
Lithuania,2021-03-15,3447.5676252970234,12373.93926180337,0.0,0.0,0.0,0.00015393822938925575,0.0001225096525300357,1.0165704748584304e-6,0.0,7.397139445128367e-10,0.001453587116517614,0.5528424058004995,0.445426541890875
Lithuania,2021-08-01,10496.237753801037,4031.274955513524,0.0,0.0,0.0,4.499463689562959e-6,2.0613277566719477e-5,9.900569880569165e-5,0.0,0.9980165958748223,1.0282929721109433e-8,0.0018484713595461743,1.080404263977698e-5
Luxembourg,2020-11-01,904.5489495448539,6301.632430819443,1.5468197763098188e-9,0.0,1.054649693382049e-7,0.0,7.876222697664013e-11,1.1590352819203634e-7,8.024421310539749e-6,1.1937344153030767e-11,0.0007456752909644376,0.001301012527574778,0.9979450647541334
Luxembourg,2021-03-15,4498.832736448125,5912.500087883083,3.505287184303135e-5,0.0,0.0009199011923404607,0.0,0.0006742098093262609,0.0036590287782723462,0.00015740076765436814,0.00027988154177831264,0.15958551685614675,0.7199838117011925,0.11470519648144617
Luxembourg,2021-08-01,6888.951399899926,10.999722226508872,0.00010521380361546706,0.0,3.092761547399149e-5,0.0,0.3705353493081667,0.00045051160943034295,1.6670165855857405e-8,0.6243263582887689,0.00016075523289630516,0.004381482283120453,9.385188362067494e-6
Madagascar,2020-11-01,202.52470056934058,273.7549725837563,0.0,0.0,0.0,0.0,0.0,0.0,0.0,0.0,6.816379358742191e-5,1.0188591309490912e-7,0.9999317343204994
Madagascar,2021-03-15,258.24590085384153,198.40621127410648,0.0,0.0,0.0,0.0,0.0,0.0,0.0,0.0,0.7787273092826973,0.0588222890059441,0.1624504017113587
Madagascar,2021-08-01,206.5578801553085,0.0,0.0,0.0,0.0,0.0,0.0,0.0,0.0,0.0,0.42312371203826515,0.5768759466006419,3.413610928590769e-7
Malawi,2020-11-01,1.7398189023331447,299.2917438435524,0.0,0.0,0.0,0.0,0.0,0.0,0.0,8.915144892728572e-7,0.8533891219698835,0.005244803342972205,0.14136518317265503
Malawi,2021-03-15,274.9515827919026,212.68698350008466,0.0,0.0,0.0,0.0,0.0,0.0,0.0,0.02540630238912749,0.8895096388940602,0.018086470913617595,0.06699758780319465
Malawi,2021-08-01,319.8130808539307,11.995618208785668,0.0,0.0,0.0,0.0,0.0,0.0,0.0,0.9906345673832397,0.0004963741282428301,0.00015756009107933895,0.008711498397438015
Malaysia,2020-11-01,179.43482205243563,994.6313975929245,0.0,0.0,5.350648153042295e-6,0.0,0.0,0.0012585054343206884,0.0,6.388859885125315e-9,0.0016406534129162732,0.0010976072281919922,0.9959978768875581
Malaysia,2021-03-15,675.3818327047326,1429.1586600434707,0.0,0.0,0.0014988458502646603,0.0,0.0,0.002397461415299689,0.0,0.0016085490558015087,0.137775083918143,0.023476726804013946,0.833243332956477
Malaysia,2021-08-01,1159.960660459629,1098.9737279413948,0.0,0.0,0.0006680564037692756,0.0,0.0,1.8899629083144694e-5,0.0,0.9547405154876477,0.024310110256242714,0.001931916775476696,0.018330501447780385
Mayotte,2020-11-01,0.0,573.719459129783,0.0,5.304235533010337e-13,0.0,0.0,0.0,2.067674470876937e-9,0.0,1.3977262255105628e-16,8.03557041980074e-6,2.459211302548218e-9,0.9999919599021638
Mayotte,2021-03-15,631.2959983956943,25.623933889840558,0.0,0.0006703169644396156,0.0,0.0,0.0,0.012938062444116046,0.0,2.127924700585497e-6,0.9675261405757831,0.012111525205156851,0.006751826885803813
Mayotte,2021-08-01,239.09397028191344,12.986714054479211,0.0,0.08762304255468899,0.0,0.0,0.0,0.006141313075944926,0.0,0.8219962911855226,0.0661649863399171,0.01806835315790526,6.013686021002087e-6
Mexico,2020-11-01,1368.6741986840552,8559.653875838796,2.155524718756495e-8,1.1217606732769772e-6,4.986545268409732e-5,5.214842013600023e-5,9.091946075208546e-6,0.0,0.028988812226317346,9.045195615117147e-12,6.0656492766524955e-5,0.00031944932500857726,0.9705188328120464
Mexico,2021-03-15,4882.243849378617,16397.75275044267,0.00024537683665012565,0.0009108847808412689,0.00042404088404495897,0.0021314337697356613,0.01305481907164342,0.0,0.039228034647419606,2.2981570819123508e-5,0.001041968422893211,0.035975660756402524,0.9069647992595501
Mexico,2021-08-01,16529.370189203648,6311.167398875798,0.016137315285340747,0.003964463078546407,8.35786613452217e-6,0.0002252729452879929,0.041224654498112384,0.0,8.811195870959725e-5,0.9236032986046229,1.8611790082626532e-5,0.009134912723616296,0.005595001249546809
Mozambique,2020-11-01,42.352127395493085,348.2335797121917,0.0,0.0,0.0,0.0,0.0,0.0,0.0,2.1380322860673754e-22,0.39618579133474396,4.655812060334219e-11,0.6038142086186978
Mozambique,2021-03-15,344.0236449883187,105.7903723160908,0.0,0.0,0.0,0.0,0.0,0.0,0.0,9.309113453929278e-9,0.8923056908900566,0.00032524830962954156,0.1073690514912003
Mozambique,2021-08-01,223.02718868664164,0.0,0.0,0.0,0.0,0.0,0.0,0.0,0.0,0.9999971202604299,9.221279585002668e-11,2.879626407439498e-6,2.0949807295494633e-11
Netherlands,2020-11-01,2341.699083332652,23116.340114539653,1.5274110467660374e-8,5.059965925867986e-11,1.2195019835554578e-8,1.4386107175427608e-6,8.71602857963059e-6,5.6390052419496966e-5,4.272551102376565e-6,8.391234003022429e-15,0.0006412023549334966,0.00149559154133877,0.9977923613411702
Netherlands,2021-03-15,15912.409700822684,31937.4107704993,0.0005447858969655452,8.567330855302092e-6,0.00025197031750029815,7.743980429250807e-5,0.0145348172396395,0.0021290475348819645,0.00016045290924835028,9.35782424860068e-6,0.026750677725927832,0.8706597177310755,0.0848731656853646
Netherlands,2021-08-01,33700.08563779002,8855.622620760914,0.00021823913591292795,0.0001790518995133215,6.117096690603171e-5,1.58267281945586e-7,0.000281184423605945,1.8586794331615486e-6,2.2583894622214263e-7,0.9892026195235933,1.1438995967542064e-5,0.010040305236941315,3.7470318984000754e-6
New Zealand,2020-11-01,335.3023789059304,322.5230484921192,0.0,0.0,0.00010308918146947675,9.274792134706164e-5,0.00019542592627863904,0.0,0.00835317988011164,9.11826800314558e-7,0.012033317449149457,0.026749544318967176,0.9524717834958762
New Zealand,2021-03-15,296.93951190166774,577.9216450802663,0.0,0.0,0.017727042950855264,0.004555160224790057,0.029571349404791305,0.0,0.005558461622208349,0.02147404105757454,0.12052218833871071,0.6546088053958434,0.1459829510052263
New Zealand,2021-08-01,249.7892985196813,936.9119954599812,0.0,0.0,0.00035079721111850085,2.762439122347729e-5,0.000988194849165377,0.0,1.7424005321666765e-6,0.9881122837639734,0.002080594824003661,0.00814931210346919,0.0002894504565140207
Nigeria,2020-11-01,141.72410447119472,776.9059867482572,0.0,0.0,2.445387481930454e-5,0.0,0.0,0.12121461586796975,0.0,1.7407576136356379e-6,0.00016549448230982863,0.14790979091407844,0.730683904103209
Nigeria,2021-03-15,762.3740302283594,732.5241605756075,0.0,0.0,0.001404045192100427,0.0,0.0,0.466608892807755,0.0,0.012240202505338856,0.0022779093765151405,0.2545906244143188,0.2628783257039718
Nigeria,2021-08-01,705.6758037851404,938.6919513711973,0.0,0.0,0.00028657975488519886,0.0,0.0,0.014531089225796394,0.0,0.9368613048533433,0.0007908290761448019,0.004541994877528489,0.04298820221230194
North Macedonia,2020-11-01,80.55110537289094,341.57260654986123,0.0,0.0,0.0,0.0,0.0,0.0,0.0006456556043806345,8.102563555472985e-17,1.4541086108450946e-5,0.0011242021588365931,0.9982156011506742
North Macedonia,2021-03-15,303.99654010957454,218.22852978737714,0.0,0.0,0.0,0.0,0.0,0.0,0.0014151704348631187,4.707390869905633e-7,0.0032316088778028395,0.8035507830111014,0.19180196693714563
North Macedonia,2021-08-01,285.5933924407381,0.0,0.0,0.0,0.0,0.0,0.0,0.0,6.781195971360081e-8,0.9825483957179971,2.9880660302675214e-6,0.017438788326841717,9.76007717119663e-6
Norway,2020-11-01,1131.3472316045802,10075.87158204554,0.0,9.10309834432477e-6,1.6048570685617515e-7,0.0,1.2145177775619958e-7,7.067979170740256e-5,0.0001676397879101039,1.978519136813393e-13,0.0002856900537957339,0.00039094149547181506,0.9990756638350882
Norway,2021-03-15,7162.648259451996,13774.437374897898,0.0,2.8368457578211744e-5,0.0002458900008551872,0.0,0.0004102316541995172,0.010689195525990958,0.0003263196027640572,4.27980963084279e-5,0.03769741038923817,0.8680491184809949,0.08251066779207039
Norway,2021-08-01,13349.649548254292,5199.244944067674,0.0,1.1812192924920107e-5,6.909844015928306e-7,0.0,0.00022543576835526636,1.3597377905430251e-5,3.027933252582598e-7,0.9519341621869376,3.746974829393889e-5,0.04777580938580219,7.195620540115508e-7
Oman,2020-11-01,105.49523264754755,108.81423633816893,0.0,0.0,0.00017181051307202402,0.0,0.0,1.4782126127707626e-6,0.0,0.0007087527919287208,0.02233026373248176,0.0897114770982801,0.8870762176516247
Oman,2021-03-15,69.48146946210073,201.87836550398518,0.0,0.0,0.008056095293310406,0.0,0.0,0.0006636965667674877,0.0,0.07064462327580681,0.049893851986395905,0.7605349420812959,0.11020679079642352
Oman,2021-08-01,220.64529201277335,0.9628971813652977,0.0,0.0,0.0008164166592990349,0.0,0.0,0.02198641428408532,0.0,0.9361551235448031,0.0001927490644249127,0.04073537679237794,0.00011391965500987443
Pakistan,2020-11-01,49.50787716129839,285.9879065977095,0.0,0.0,0.0,0.0,1.4113032541149738e-6,1.5939156059068727e-8,0.0,2.972678599864122e-9,8.940171005575075e-6,0.008676539945595637,0.99131308966831
Pakistan,2021-03-15,102.92455421679041,596.4939655130834,0.0,0.0,0.0,0.0,0.0012692754843649202,0.00038166078692079375,0.0,0.0014866360156452181,0.0376595680980658,0.842190369908332,0.11701248970667122
Pakistan,2021-08-01,535.7071979437778,180.3205603115133,0.0,0.0,0.0,0.0,0.0001705164305067808,0.0019300345737134834,0.0,0.8917972435257445,0.036369932521531166,0.06967522874607368,5.704420243038412e-5
Panama,2020-11-01,224.85621649355116,339.2759811285871,5.007685005301517e-10,2.4598203161888702e-14,0.0,0.0,4.698915901161507e-8,0.0,6.733543242571015e-7,0.0,0.002489296166210379,1.4767436362802326e-16,0.997509982989513
Panama,2021-03-15,376.03539242179437,106.68026505002805,0.00232361964709461,0.0013699966788082202,0.0,0.0,0.046019167147788455,0.0,0.004316352087304829,0.0,0.003181801891260782,0.0010838614488430172,0.9417052010988999
Panama,2021-08-01,192.7117821641484,0.0,1.9987211616128366e-10,0.0008086385604759055,0.0,0.0,3.258467670196313e-12,0.0,1.6027089239626984e-15,0.0,8.365344617361832e-21,0.999191361236392,7.585849898949845e-17
Papua New Guinea,2020-11-01,11.152601039806639,309.2400247251079,0.0,0.0,0.0,0.0,0.0,0.0,0.0,2.207554253330937e-15,0.0,0.0,0.9999999999999978
Papua New Guinea,2021-03-15,174.21690810345106,429.8915898937503,0.0,0.0,0.0,0.0,0.0,0.0,0.0,6.64675465135138e-6,0.0,0.0,0.9999933532453485
Papua New Guinea,2021-08-01,342.3120962581045,153.24671866508268,0.0,0.0,0.0,0.0,0.0,0.0,0.0,0.9210762354582656,0.0,0.0,0.07892376454173433
Peru,2020-11-01,480.573802266379,1819.1878308838418,7.417778356944941e-8,0.008286639446825268,0.0,0.0,0.0012048472779388115,0.0,0.0006178159274419006,6.82308316234194e-10,0.0,0.0012376961829965968,0.9886529263047056
Peru,2021-03-15,1024.8690318734407,3520.4599162151385,0.0006551410113989789,0.6447634717891,0.0,0.0,0.13897576873082187,0.0,0.00135583000573732,6.568376425983822e-5,0.0,0.011834377143664214,0.20234972755501796
Peru,2021-08-01,3517.4727915999956,1126.315950897832,0.03842327094666044,0.4640786972632444,0.0,0.0,0.3533396604119719,0.0,1.271110049273958e-5,0.14243998428982682,0.0,0.0003499244616787506,0.0013557515261250997
Philippines,2020-11-01,48.046897845171884,4173.385809028016,0.0,0.0,0.0,0.0,2.678115016675163e-5,0.0001578306179577933,0.0,1.605206168938011e-10,0.00013801708153632556,0.0002161944164709771,0.9994611765733474
Philippines,2021-03-15,3231.4936708398945,3027.33669073115,0.0,0.0,0.0,0.0,0.0004594543812165385,0.0019132736611999223,0.0,0.0002403065824524537,0.3867280688123706,0.3306463660853314,0.28001253047742913
Philippines,2021-08-01,3708.3301678810503,0.0,0.0,0.0,0.0,0.0,1.836700616341587e-6,3.8527482462026004e-5,0.0,0.6387126588862428,0.19724256021494738,0.1636153886073897,0.00038902810834169117
Poland,2020-11-01,93.89373883750805,8368.452437235628,5.861801393230968e-13,1.1231821374530292e-11,0.0,0.0,1.0766150065346125e-9,0.0001586885728414208,0.0,5.47322359815422e-13,5.846163097284075e-6,0.0006629738916098921,0.9991724902834711
Poland,2021-03-15,4368.393240904632,13652.755779967121,5.817097371422179e-6,3.860700704121342e-6,0.0,0.0,0.00021143099724050442,0.0009238445711521397,0.0,4.909723982626092e-5,0.002880561364064562,0.8828094681222373,0.113115919907404
Poland,2021-08-01,12080.037904538001,2521.8716754823977,0.0018931239918163264,8.459837352392402e-5,0.0,0.0,0.0019241803499691484,1.5475295944919935e-7,0.0,0.9552854762489341,0.0001250941486461949,0.04066768638032706,1.968575382377886e-5
Portugal,2020-11-01,513.2093606277333,5417.660405847492,2.869040555797895e-10,7.16893776561171e-7,3.0708373212507265e-6,6.213220676527928e-6,4.351304922510709e-5,1.3124226517236218e-6,0.0,7.798263433588102e-12,0.00019934828228918868,0.008059492767173165,0.9916863322321843
Portugal,2021-03-15,3693.7488538395905,8036.074451638633,0.00013258171449725544,0.00026430086156275265,0.0014559203238743526,0.0003821522536911176,0.02324725280481256,0.002448447595475058,0.0,0.0004079021453998834,0.020479670134075416,0.8098923340165408,0.1412894381500708
Portugal,2021-08-01,8604.47110185871,3518.398559009825,0.0007887009617428987,2.7201584529261364e-6,4.186115433587774e-6,4.786059396182625e-7,0.00044597794154547073,0.00013244160729283436,0.0,0.9945593155685245,5.309103133506188e-5,0.004008795527365358,4.2924823678071395e-6
Puerto Rico,2020-11-01,141.89484371056437,971.5567877533697,8.415910489714136e-11,4.816649333179653e-7,4.940861412041413e-6,0.0009926348022868566,3.10468300104369e-7,7.68863641313193e-6,0.009108037705957533,2.1430398378446656e-19,8.980594804182401e-6,0.0023559570527886026,0.9875209681289452
Puerto Rico,2021-03-15,337.59180797788923,1989.4340868918905,0.0005280505593927542,0.0010248155585927932,0.0005909953184898196,0.1285593851765615,0.0063001157896219505,0.0034251162668746714,0.026245965857828665,2.4231335396706243e-7,0.0006597500415931703,0.5003059388464,0.3323596242712905
Puerto Rico,2021-08-01,1761.0795446320801,477.56485196260894,0.011103063976522385,7.939773370370291e-5,2.0756582143448755e-6,0.0004875932685067594,0.003589469926274715,1.090692802435373e-5,9.189140584627632e-6,0.9817986896457145,1.0544506235435357e-6,0.0023286769886583713,0.0005898822831726233
Qatar,2020-11-01,703.9697555390328,746.3628030957847,0.0,0.0,1.812070737478339e-5,0.0,0.0,2.6067472752340916e-5,0.0,1.8826485113489695e-8,0.009029840285644429,0.050485059487050246,0.9404408932206932
Qatar,2021-03-15,622.356088172912,852.3189401757642,0.0,0.0,0.004554032500329763,0.0,0.0,0.0016455048808911707,0.0,0.0066255237199436936,0.45780243861282216,0.21751807012834395,0.3118544301576692
Qatar,2021-08-01,867.2492431744295,2.9880858572852365,0.0,0.0,0.00011469829342883905,0.0,0.0,1.4573624712215507e-5,0.0,0.9912186163641254,0.007755779181494487,0.0004721546779246737,0.00042417785831422425
Reunion,2020-11-01,0.8955075651043862,1139.2281336375695,0.0,0.0,0.0,0.0,0.0,1.760518933922031e-5,0.0,1.823316096659569e-13,0.0016846851143198255,0.0005251989430945362,0.9977725107530643
Reunion,2021-03-15,787.6749143583006,1885.7930338428687,0.0,0.0,0.0,0.0,0.0,0.004739727612450031,0.0,5.617630547225934e-6,0.8242148405050527,0.056924958025923865,0.11411485622602627
Reunion,2021-08-01,2019.4548330285227,674.7059607006806,0.0,0.0,0.0,0.0,0.0,0.00046572770757853324,0.0,0.5486725428503397,0.44098525456402876,0.009857892464392438,1.858241366054287e-5
Romania,2020-11-01,68.32355549666406,653.2394528423287,9.33349069134211e-9,0.0,3.693961458830175e-6,2.402677260946891e-5,6.279157489891861e-5,0.0,0.0,1.1054103072816472e-7,4.5150323213432675e-5,0.019941548368879316,0.9799226691244187
Romania,2021-03-15,373.8202070918839,1340.9787340798089,3.519481252626222e-5,0.0,0.0008189008305226278,0.001995687970432782,0.010739486796926406,0.0,0.0,0.0020624593680899695,0.006877413793228494,0.7862287342334984,0.19124212219477485
Romania,2021-08-01,993.0247158164475,1134.4029213560298,0.0006384720237717703,0.0,6.249428139547372e-5,8.019264048702117e-5,0.0019334820692957447,0.0,0.0,0.9404849152657391,0.0004764465548394264,0.056006311650061875,0.00031768551440967605
Russia,2020-11-01,1161.5922223872285,2526.171397165425,0.0,0.0,2.8827678858149203e-5,0.0,0.0,4.6783709173716623e-7,0.0,2.126437991852977e-9,0.0006924009714449799,0.005722517147392995,0.993555784238774
Russia,2021-03-15,1842.4952722665496,3444.666894619002,0.0,0.0,0.00035584258723814183,0.0,0.0,0.0007004819983133543,0.0,0.0035143144292004522,0.00981997361878864,0.12472769475732938,0.8608816926091302
Russia,2021-08-01,3912.7338274127014,598.3158644846368,0.0,0.0,2.184098977631691e-6,0.0,0.0,0.00020083494931751977,0.0,0.9970229326763959,6.546244588194748e-5,0.0010819273673666162,0.0016266584620604554
Rwanda,2020-11-01,83.03629175837993,242.42972690085014,0.0,0.0,0.0,0.0,0.0,0.006393385150027566,0.0,0.0004941651215142622,0.01669528210347578,0.0022057143233094167,0.9742114533016728
Rwanda,2021-03-15,213.25905981871483,220.41846710985453,0.0,0.0,0.0,0.0,0.0,0.016954046095381863,0.0,0.0701964518611848,0.21291554540374735,0.031166417577316963,0.668767539062369
Rwanda,2021-08-01,317.4626972308355,43.45183115427879,0.0,0.0,0.0,0.0,0.0,8.758695389280666e-5,0.0,0.9474537860428505,0.025799304191625873,0.01220926794599819,0.014450054865632757
Saudi Arabia,2020-11-01,377.6217734947563,104.48487666052252,0.0,0.0,1.57743417666243e-7,0.0,0.0,0.0,0.0,0.0,1.2046403430373313e-7,3.40566422362977e-8,0.9999996877359056
Saudi Arabia,2021-03-15,185.64396914076417,10.614285434768364,0.0,0.0,0.010334314697632494,0.0,0.0,0.0,0.0,0.0,0.009500155145825917,0.02290104068442426,0.9572644894721171
Saudi Arabia,2021-08-01,60.64167130850693,0.0,0.0,0.0,0.021964756611940032,0.0,0.0,0.0,0.0,0.0,0.03140605242419766,0.9465731854687179,5.600549514430494e-5
Senegal,2020-11-01,106.76226565938234,225.3834905728843,0.0,0.0,1.4901601279729665e-9,0.0,0.0,0.00025842622025812226,0.0,0.00012614852634019154,0.0,0.037115829135169656,0.9624995946280719
Senegal,2021-03-15,229.8338992051331,77.93536331847152,0.0,0.0,1.940453508006186e-5,0.0,0.0,0.030211580708753117,0.0,0.07448241146122825,0.0,0.1866958261306539,0.7085907771642849
Senegal,2021-08-01,136.21703760553726,22.775350370561448,0.0,0.0,0.021668109691719926,0.0,0.0,0.0576992489189707,0.0,0.8773066592432304,0.0,0.02030764082068232,0.02301834132539664
Singapore,2020-11-01,578.6463170681648,1192.9850401392657,0.0,0.0,0.00012775116527238408,0.0019960990896813204,2.6966207781410614e-6,0.00024065892595382857,0.002076042069750204,9.157072759908155e-10,0.0009623820760770759,0.030346855122816107,0.9642475140139636
Singapore,2021-03-15,489.4484410608711,3292.9303589805654,0.0,0.0,0.05985120006251641,0.0075414819703566215,0.004637511886674475,0.012585266565197808,0.0045961035925522805,0.019978433883025004,0.2177930803144452,0.25349927839796615,0.41951764332726615
Singapore,2021-08-01,2708.9298356983254,2535.1123042505683,0.0,0.0,7.883795179715451e-5,4.685180383708377e-7,7.303703261829459e-5,6.536628159577416e-6,1.2935354200362656e-7,0.9994623924248428,0.0002882540374712583,6.306229386479266e-5,2.728175966570268e-5
Sint Maarten,2020-11-01,0.0,232.8174931814391,5.934002359166958e-16,2.339692999794942e-30,1.3889056951846697e-11,8.38776931616128e-12,6.314134355247835e-20,0.0,6.547074939724291e-7,1.046950864193019e-23,8.77454630903466e-12,1.7908681552430425e-12,0.9999993452596629
Sint Maarten,2021-03-15,54.08557867218103,813.8965766332095,0.0018307833410113527,2.1499731021233577e-13,0.026907540947387072,0.1170560004209391,2.282820002763143e-5,0.0,0.0060434959890241285,3.4145526121033443e-6,0.013734594867811426,0.7122349909262448,0.1221663507547275
Sint Maarten,2021-08-01,476.52521605373175,899.7437863331913,0.0021780676420532683,0.000258107834945602,4.588324256714664e-6,0.0010060229179557217,0.0013941276624937638,0.0,4.295918644243873e-10,0.8075343281193811,2.0886002259019834e-6,0.18743619670532863,0.00018647176376756128
Slovakia,2020-11-01,21.444632698672525,2449.2671608241535,5.225788959670853e-7,0.0,8.118353457680055e-6,0.0,0.0,0.0,0.0,2.631596047088909e-5,0.001099956710324686,0.029005889784757766,0.9698591966120929
Slovakia,2021-03-15,1166.6293946099872,4585.185732235247,0.00025905634843294224,0.0,0.00026411260314293295,0.0,0.0,0.0,0.0,0.0048610390857720676,0.008623025738787704,0.9568822344993185,0.0291105317245458
Slovakia,2021-08-01,3978.927282580272,1627.2905531683202,0.0004466190546373001,0.0,5.177350448771731e-6,0.0,0.0,0.0,0.0,0.9187902654768023,0.00013634948689517204,0.08047931047675734,0.00014227815445898658
Slovenia,2020-11-01,1467.9191662193412,8357.505042683495,0.0,0.0,3.190883140072844e-6,1.1219352698055755e-9,5.451194024241763e-9,0.0010201133974772256,0.0,3.9747760180846906e-19,0.0005554765612792989,8.308435738867235e-5,0.9983381282275857
Slovenia,2021-03-15,5753.939363613634,11785.723804439867,0.0,0.0,0.00023909780435581616,8.791395858615442e-5,0.00015417552491546872,0.005714861898794344,0.0,1.5140853738447658e-7,0.003382313836130543,0.45756466282801,0.53285682274067
Slovenia,2021-08-01,10584.417693894515,4301.874388454812,0.0,0.0,3.38941815579831e-9,8.75447109329678e-6,8.997770887266578e-5,6.564461560439185e-8,0.0,0.9921581598271468,3.4024780945597226e-8,0.007739902156537188,3.1027775350880746e-6
South Africa,2020-11-01,2611.2507148190225,5919.43059663129,0.0,2.262727559137715e-5,8.943240978692932e-6,0.0,0.0,5.254151190140503e-5,0.0,2.8671923284769145e-7,0.5356613054975828,0.0002838703269103813,0.4639704254278024
South Africa,2021-03-15,4618.205270369573,7635.359967178448,0.0,2.1032528413878386e-5,0.000737227065067655,0.0,0.0,0.0014977233668144341,0.0,0.0036934496107805144,0.8435210604439977,0.014955405661731614,0.13557410132319453
South Africa,2021-08-01,9242.615451233582,2527.9792025685906,0.0,0.0002563201052201163,0.0003631190454563838,0.0,0.0,0.0001340993650585747,0.0,0.9733919527023945,0.014557909825093411,0.0038036691917664915,0.007492929765010606
South Korea,2020-11-01,1027.8021754266392,2923.8222021444376,3.1574716956847684e-5,0.0,0.0004855456744453463,0.0005006042012603701,0.000298347580287449,0.0004385240217612812,0.013275705829782453,2.9081645250403216e-8,0.00225253164299262,0.03297733355775563,0.9497398036931125
South Korea,2021-03-15,1894.0820534457503,5160.63556094875,6.231929374620321e-5,0.0,0.0024046368045697124,0.0008432549141942923,0.0014560840934770426,0.0006015080623181503,0.022888044122023544,0.0003025395738978449,0.006792770748141184,0.13885163515342347,0.8257972072342086
South Korea,2021-08-01,5128.0248577600605,2729.8806402566365,8.444958936452018e-5,0.0,0.00015757938401210684,2.6450516094016755e-5,0.0012342467123610992,1.0870645330325321e-5,0.0008391994506411673,0.8679295117038287,0.000654260034610777,0.023050203173869417,0.10601322878988781
Spain,2020-11-01,3880.9621456156738,21879.294422583855,1.0163674159172441e-6,3.080502265107403e-7,2.634103931153532e-6,3.7505807098723837e-6,4.795799549345764e-5,5.1328234138231664e-5,4.903479995714136e-6,1.1092655798766037e-10,2.4357773784207665e-6,0.01647697859086616,0.9834086867089179
Spain,2021-03-15,15621.768408822261,31159.516113816084,0.0032330658057631734,0.0007504687374301459,0.00015451476624057275,0.0021747001138608885,0.02010096350933163,0.0060636653299526245,0.00019278185430195418,0.00018086707200825605,0.003952600393309518,0.7290328685634597,0.2341635038543415
Spain,2021-08-01,34595.55950260858,8909.414907526952,0.006174565562335895,0.0031118658254103053,7.416376592655949e-6,0.0003135274989335866,0.0038162530448505308,0.0002242849158314866,6.8282858205817695e-6,0.9291395477672596,0.025634038525315695,0.031138609816346117,0.0004330623813035258
Sri Lanka,2020-11-01,23.10149214413344,349.47051636768896,0.0,0.0,0.0,0.0,0.0,2.5316335306047528e-5,0.0,1.307176752318442e-8,0.0004801883334326046,0.0012055592446132538,0.9982889230148805
Sri Lanka,2021-03-15,237.98620260640763,641.4943579207613,0.0,0.0,0.0,0.0,0.0,0.002441049168479362,0.0,0.00017331274013703663,0.0159213226695884,0.31261295277047635,0.6688513626513188
Sri Lanka,2021-08-01,583.7270936015457,486.3015344291893,0.0,0.0,0.0,0.0,0.0,0.00015102717210236792,0.0,0.8150792397735261,0.0006813227929197366,0.18110792216774643,0.0029804880937051503
Suriname,2020-11-01,59.52038425637325,181.98642936069012,0.0,0.0,0.0,0.0,0.00013276501700800646,0.0,0.0,5.1981250562010245e-17,0.0013431120023702882,0.0007882431669110209,0.9977358798137108
Suriname,2021-03-15,91.79616350879508,352.9241691866515,0.0,0.0,0.0,0.0,0.31611775051692065,0.0,0.0,1.7575909514823418e-8,0.025424256905242366,0.06625277498469753,0.59220520001723
Suriname,2021-08-01,361.5920433186615,56.876206400558935,0.0,0.0,0.0,0.0,0.8408133534523219,0.0,0.0,0.12174117384771935,0.00011990736651220455,0.02264461726476118,0.014680948068685255
Sweden,2020-11-01,713.0480521915846,46065.13968052259,9.278364173398542e-11,2.6489821254164252e-11,5.965296771463142e-8,1.2193951757790033e-8,2.100722810999451e-7,5.251600931095685e-8,2.7012249993301852e-5,1.3347705855670527e-14,0.00012200542606788568,0.000609908546008841,0.9992407392234333
Sweden,2021-03-15,36954.82271349408,55219.70449023154,1.7829397337641384e-5,9.410831757000263e-6,7.939039321361423e-5,6.121745706581555e-5,0.0012806468952345348,0.00013610158074429515,2.967634023229434e-5,2.1824928754250054e-5,0.039305484880415686,0.8765020864314277,0.08255633086381747
Sweden,2021-08-01,56934.5423659736,14618.047649608483,2.773631260900095e-7,2.872149004593179e-7,2.3343399359135057e-7,2.107292842373709e-7,0.0002884835470711022,4.3420025891409095e-7,4.7779728433615245e-8,0.9852570514560961,0.00010437908815065644,0.014334689841300078,1.39053460904857e-5
Switzerland,2020-11-01,3316.689621749863,28309.490084157376,4.691891992802787e-10,1.4176517607159364e-10,9.520645537302694e-7,3.4135850619884e-7,1.2243775601258356e-6,4.4706333945795415e-6,4.836354002963797e-6,1.5485952777760498e-13,0.00015319688247318147,0.0022799556774893413,0.9975550220409106
Switzerland,2021-03-15,21445.725418825223,27294.506329894444,0.00012072550773178505,3.773282996138127e-5,0.0004214393529592552,0.0002991739872173966,0.003792804228246758,0.002124315781478772,0.00017236698938678932,2.2024144304616794e-5,0.013308956280881645,0.7946895475998617,0.1850109132979697
Switzerland,2021-08-01,25650.24081888863,16333.126963519651,0.0009546721861838975,0.0011212599006348086,4.888628107118781e-6,6.131980242314272e-6,0.0016208988981208452,2.7996613131069862e-5,9.911033655884905e-7,0.982284003535189,0.00010256968939333689,0.013822757389067363,5.383007656480256e-5
Thailand,2020-11-01,94.56003325264814,920.0521833603065,0.0,0.0,1.0757300647755954e-5,0.0,5.221192996145484e-5,0.0014333265952379283,0.0,3.7540846471664846e-8,8.838890897596739e-5,0.0008520990057309017,0.9975631787185996
Thailand,2021-03-15,381.88111137583104,1879.0753797985326,0.0,0.0,0.0011305875015546049,0.0,0.001516436765723062,0.004239973849804713,0.0,0.005329878913431548,0.015399374799433702,0.533248344190517,0.4391354039795355
Thailand,2021-08-01,1867.6530329821833,430.61967633449376,0.0,0.0,1.4587216781674583e-5,0.0,4.530349227311896e-6,1.7149424335475786e-6,0.0,0.7694384051318339,0.025454584622412145,0.2047169357350553,0.0003692420022560505
Trinidad and Tobago,2020-11-01,15.75947989473585,200.97827675422124,0.0,0.0,0.0,0.0,1.1455955923089506e-11,0.0,0.0,2.0516799800760767e-20,0.0,0.02806200337499392,0.9719379966135502
Trinidad and Tobago,2021-03-15,22.926046484151716,487.94634640313734,0.0,0.0,0.0,0.0,0.0076548648609686895,0.0,0.0,4.728831391434258e-8,0.0,0.045161790092163506,0.947183297758554
Trinidad and Tobago,2021-08-01,420.6975452000829,36.933722060343186,0.0,0.0,0.0,0.0,0.978139028487253,0.0,0.0,0.021585610221800004,0.0,3.1067331994911924e-6,0.00027225455774755397
Turkey,2020-11-01,183.78742617314578,8047.95999557138,9.961945286745869e-5,0.0,0.0,0.0,0.002916401129523012,0.006906175653782634,0.00039159230089982184,0.0019059984310383124,0.07233987383124965,0.12555684271623832,0.7898834964844008
Turkey,2021-03-15,3443.745680547469,28994.423742958657,0.0001632268751175329,0.0,0.0,0.0,0.009067662657865076,0.007607691049386921,0.0002153189354166738,0.06343617896620475,0.06169496236444666,0.10530811045438643,0.7525068486971761
Turkey,2021-08-01,11609.155120226413,44197.15370828056,2.8976644398949686e-5,0.0,0.0,0.0,0.0025175776199405035,0.0006982525219218225,1.2315852870583194e-5,0.7859753604472938,0.001958611824132628,0.03074798650441973,0.178060918585022
USA,2020-11-01,55903.676649221015,379351.7524560453,7.162719052179953e-10,2.699947543052905e-7,1.876282644837581e-6,0.00037189279770616254,1.814781163700442e-6,3.624463056439444e-5,0.04377657030018386,8.731866885453298e-13,2.0075981620163538e-5,0.0004885428452857297,0.9553027116689317
USA,2021-03-15,238808.69301737807,577074.4174027162,0.00031990976506937396,0.0008287894273180524,0.0006663322667807526,0.07968066170993718,0.01831812071947312,0.002910014130182549,0.13934483290268457,8.770504707910133e-5,0.0057511487270240505,0.3534031449494532,0.39868934035499826
USA,2021-08-01,505330.0575389062,318103.0049085626,0.0061637288327406935,0.00033349698900689935,1.132744358955075e-5,0.000824003104652551,0.0065462859750247855,1.9324329050251327e-5,2.9957297390424784e-5,0.9727790565929283,8.279606688747879e-5,0.01147062447672605,0.001739398892002937
Uganda,2020-11-01,141.24958276717965,256.0132179569401,0.0,0.0,3.483620676534056e-5,0.0,0.0,8.839853737414262e-5,0.0,3.0372133153445117e-14,0.000574065867941532,7.174476594082159e-5,0.9992309546219478
Uganda,2021-03-15,200.28796150400765,260.4095019038384,0.0,0.0,0.00944376878250497,0.0,0.0,0.24119424549959076,0.0,0.0002441589710334164,0.1346565404115529,0.1238909575633143,0.4905703287720036
Uganda,2021-08-01,318.02470752038306,13.984709540832634,0.0,0.0,1.223216296192367e-7,0.0,0.0,3.435124935765441e-5,0.0,0.9999538366254067,2.9733152063863083e-6,8.508426168118265e-6,2.0806223153221776e-7
United Arab Emirates,2020-11-01,864.9876112899128,151.41441585342363,0.0,0.0,0.0,0.0,0.0,0.0,0.0,7.595302940915208e-16,0.00034291604481155493,0.00834870347606856,0.991308380479119
United Arab Emirates,2021-03-15,316.9609989358852,17.70856129901467,0.0,0.0,0.0,0.0,0.0,0.0,0.0,1.5592762526958292e-6,0.8325010353748461,0.13018268221267557,0.03731472313622568
United Arab Emirates,2021-08-01,68.15564758596656,0.0,0.0,0.0,0.0,0.0,0.0,0.0,0.0,0.9999999937070085,6.2884084002329946e-9,2.3922381149218294e-12,2.190712880391375e-12
United Kingdom,2020-11-01,71271.27647862093,290159.7545554668,3.9229032707074604e-7,5.331834730610561e-6,8.081901051709659e-7,1.7503305774304356e-5,4.80886201356819e-7,1.8080061479003186e-5,2.3030777383033805e-5,6.4716147436711e-11,4.1234092958039377e-5,0.0356455352223626,0.9642476032739629
United Kingdom,2021-03-15,235981.8775831037,359066.1417940536,7.305642630148307e-5,2.756421994722928e-5,0.0014899726761725609,6.886502575260271e-5,0.0006306208971321888,0.0019651487373906805,6.972258156147105e-5,0.0011868466211752008,0.003720603849939533,0.9810453623154578,0.00972223664916951
United Kingdom,2021-08-01,376719.29045921855,219387.78764655805,4.0946652411719853e-5,2.562687478271013e-8,6.004098264628275e-6,4.3832635836550384e-8,8.157937303443939e-6,1.1470673130088861e-6,3.53570637072123e-8,0.9996702439604851,3.924793571542443e-6,0.00026632802636039935,3.1426477157196165e-6
Uruguay,2020-11-01,64.56609286825517,370.9587728943738,0.0,3.5465590426694236e-10,0.0,0.0,0.0008570388079524448,0.0,0.0,0.0,0.0,0.0,0.9991429608373917
Uruguay,2021-03-15,320.4774666743352,262.68847894989295,0.0,0.0004794092054243057,0.0,0.0,0.31592816871640494,0.0,0.0,0.0,0.0,0.0,0.6835924220781706
Uruguay,2021-08-01,301.15023436707787,0.0,0.0,0.6920937260840585,0.0,0.0,0.29816561498805244,0.0,0.0,0.0,0.0,0.0,0.00974065892788907
Zambia,2020-11-01,255.07421422182514,201.54465740633654,0.0,0.0,8.933326242519257e-7,0.0,0.0,0.0,0.0,8.276050638490504e-20,0.23179188195966996,0.001002430267360368,0.7672047944403453
Zambia,2021-03-15,217.74074072180431,246.92993192210767,0.0,0.0,0.005164953680686795,0.0,0.0,0.0,0.0,1.7165237509097392e-6,0.9550019339806993,0.028088105044626284,0.011743290770236942
Zambia,2021-08-01,330.30005634912095,48.25117661025786,0.0,0.0,1.3798210977710699e-8,0.0,0.0,0.0,0.0,0.9999999756089423,4.592751537698937e-9,5.995037785550213e-9,5.057496784034196e-12
Zimbabwe,2020-11-01,78.81026141238665,341.8633458582693,0.0,0.0,0.0,0.0,0.0,0.0,0.0,5.58164833714177e-8,0.3034419002783285,0.0,0.696558043905188
Zimbabwe,2021-03-15,345.04840249922773,61.71663670967697,0.0,0.0,0.0,0.0,0.0,0.0,0.0,0.005086789447146356,0.9899650685954031,0.0,0.004948141957450523
Zimbabwe,2021-08-01,200.44430765969372,0.0,0.0,0.0,0.0,0.0,0.0,0.0,0.0,0.9943808237157726,0.005546651403468805,0.0,7.252488075865558e-5
